"","Set","Compound.Name","Retention.Time","MYCOLUMN","mz","MS2"
"1","1","Ingalls_Vitamin B3",228.60432,"124.0394 ","124.0394 ",NA
"2","2","Ingalls_Tyrosine ",541.14834,"182.0811 ","182.0811 ",NA
"3","3","Ingalls_Trigonelline ",463.14936,"138.0549 ","138.0549 ",NA
"4","4","Ingalls_Threonine ",655.191,"120.0657 ","120.0657 ",NA
"5","5","Ingalls_Thiamine pyrophosphate",814.7184,"425.0443 ","425.0443 ",NA
"6","6","Ingalls_Thiamine monophosphate",677.2092,"345.078 ","345.078 ",NA
"7","7","Ingalls_Serine ",688.5912,"106.0502 ","106.0502 ",NA
"8","8","Ingalls_Propionyl-L-carnitine ",338.50734,"218.1384 ","218.1384 ",NA
"9","9","Ingalls_Proline ",529.92666,"116.0708 ","116.0708 ",NA
"10","10","Ingalls_Ornithine ",944.235,"133.0972 ","133.0972 ","50.73386, 1124; 51.03363, 1165; 51.99918, 1650; 55.49281, 932; 70.0658, 104813; 71.06913, 2588; 73.96352, 1265; 75.97345, 1037; 86.09688, 1811; 89.36765, 1078; 100.21414, 1113; 109.48794, 937; 114.09158, 4780; 115.08678, 16074; 116.07088, 83310; 117.0741, 6782; 123.21928, 1249; 132.10202, 38411; 132.13861, 1226; 133.07608, 4294; 133.09712, 8635; 133.10529, 7365; "
"11","11","Ingalls_Ophthalmic Acid",653.5404,"290.1344 ","290.1344 ","58.06582, 1165761; 59.06287, 2218; 59.06916, 20625; 63.29565, 1262; 65.87299, 1496; 69.66821, 1102; 74.78039, 1234; 76.03981, 2943; 84.0449, 91723; 85.04818, 1589; 91.56985, 1301; 102.05516, 1839; 124.07558, 12875; 130.04988, 78423; 131.05328, 2060; 133.09708, 1706; 142.04951, 9361; 142.08644, 1939; 146.04362, 1397; 152.0706, 5804; 161.09193, 240905; 162.09555, 9065; 169.09706, 15738; 170.08099, 29830; 171.08409, 1336; 171.59694, 1238; 175.34386, 1222; 179.761, 1338; 197.09195, 26579; 215.10243, 94832; 216.10551, 5651; 217.05821, 16882; 217.07141, 6136; 227.1024, 37499; 228.10603, 1445; 242.24738, 1454; 252.3831, 1597; 272.12402, 1791; 273.10779, 37728; 290.13351, 2559; 290.26883, 5569; "
"12","12","Ingalls_N(e)-Acetyl-Lysine ",546.48732,"189.1233 ","189.1233 ","60.89927, 8592; 78.70271, 8725; 79.14729, 8361; 84.0813, 3580637; 85.08465, 104121; 89.48647, 8298; 93.27863, 9425; 98.06065, 9542; 100.24537, 8451; 104.61398, 8586; 105.01521, 8803; 112.0759, 41575; 112.79144, 7223; 116.07091, 75436; 116.77635, 9596; 118.68664, 10716; 126.09141, 12158696; 127.0891, 30285; 127.09473, 473893; 129.10233, 21395; 130.0863, 465670; 143.11784, 658316; 144.12117, 13591; 147.11296, 97252; 148.08705, 11043; 164.39622, 8515; 168.00507, 9828; 170.48032, 9017; 189.12325, 1127048; "
"13","13","Ingalls_N-Acetyl-Serine ",395.06268,"148.0604 ","148.0604 ","55.07958, 1222; 60.68985, 1254; 62.38086, 1017; 67.10015, 1141; 83.03265, 1031; 85.85553, 1045; 88.03979, 8087; 99.06051, 1226; 106.05024, 2576; 106.05946, 1097; 121.02864, 2374; 141.90808, 1137; 147.0914, 1383; 148.03912, 9142; 148.08681, 43167; 148.09688, 7315; 148.112, 6295; "
"14","14","Ingalls_Muramic Acid",628.746,"252.1076 ","252.1076 ","55.0187, 1870; 55.05493, 1873; 56.0502, 13757; 58.06575, 1600; 59.71815, 1404; 60.04515, 6204; 61.0291, 2013; 61.53029, 1367; 65.10353, 1392; 68.05016, 22274; 69.03413, 8046; 70.06573, 16497; 71.04987, 5195; 72.04503, 100972; 73.02903, 8152; 79.02201, 1173; 80.05005, 19072; 80.27151, 1232; 81.03405, 11772; 83.04971, 1783; 84.04493, 183054; 85.02892, 11270; 85.04838, 2412; 85.91403, 1182; 86.06055, 8458; 87.04455, 1571; 90.0555, 2422; 91.25429, 1177; 93.33751, 1257; 96.04481, 84665; 97.02881, 35277; 97.04855, 1350; 98.06045, 98782; 99.04438, 11785; 100.03984, 2793; 100.52284, 1269; 101.02372, 2560; 102.05544, 1642; 106.28219, 1228; 108.04479, 13225; 109.02877, 7693; 111.04417, 1301; 114.05522, 28400; 116.07082, 11111; 123.18779, 1404; 124.07587, 2643; 126.05503, 477276; 127.0392, 16076; 127.05843, 14902; 129.0547, 1929; 139.79443, 1215; 144.06546, 329413; 145.04926, 2570; 145.06883, 8456; 157.04926, 4893; 158.08099, 1707; 162.07581, 1966; 168.06548, 7606; 169.04953, 6113; 170.08087, 14027; 171.06525, 8970; 186.07607, 23628; 188.09177, 9233; 191.15523, 1242; 198.07567, 5575; 216.0865, 297843; 217.07072, 1756; 217.08977, 11899; 217.6586, 4141; 217.67149, 17837; 223.97682, 2077; 234.09697, 125614; 235.10066, 5737; 235.40416, 1520; 241.98727, 7194; 242.99156, 2710; 251.99039, 2912; 252.10764, 17304; 252.20726, 1446; "
"15","15","Ingalls_Methionine ",438.37266,"150.0583 ","150.0583 ","56.05022, 968292; 57.03426, 3101; 57.05361, 25150; 59.54259, 2850; 60.86358, 2953; 61.01136, 242239; 72.56538, 3017; 74.02432, 42356; 74.06069, 90560; 75.02684, 4030; 79.31499, 2407; 81.08152, 2542; 81.46739, 2572; 84.04494, 31215; 85.02892, 24155; 87.02679, 93388; 90.18124, 2540; 96.84674, 2442; 102.05534, 474820; 103.05865, 17008; 104.05319, 2123823; 105.00066, 5249; 105.03745, 20483; 105.0526, 11349; 105.05644, 74072; 109.07632, 4513; 110.07162, 3252; 123.13415, 3465; 130.24692, 2413; 132.10211, 3633; 133.0318, 1367290; 133.07593, 3254; 134.03114, 5557; 134.03539, 56910; 134.07129, 3483; 135.58832, 2786; 140.71198, 2551; 149.02347, 15424; 149.07111, 3910; 149.08235, 19395; 150.05832, 435829; 150.07722, 13229; 150.0849, 3894; 150.0914, 9844; 150.10284, 28864; 150.11256, 11848; "
"16","16","Ingalls_Lysine ",1043.3532,"147.1128 ","147.1128 ","51.78799, 1106; 55.10522, 991; 55.82627, 1014; 62.92547, 1062; 64.82459, 1080; 64.92793, 1830; 84.08137, 39532; 89.84051, 1066; 103.53628, 1198; 123.96446, 35588; 128.85063, 1125; 130.08636, 30114; 146.98036, 4428; 147.05511, 1472; 147.09172, 2452; 147.11261, 4672; "
"17","17","Ingalls_Hypotaurine ",650.4468,"110.0716 ","110.0716 ","55.5845, 1112; 56.05013, 1939; 68.05012, 2463; 69.04534, 8086; 70.02937, 1585; 70.04061, 35867; 70.06581, 6188; 71.71651, 1121; 81.04537, 1110; 82.05311, 2366; 82.74377, 1053; 83.06091, 35029; 83.06372, 1493; 87.03678, 1167; 92.01686, 14126; 93.04515, 17765; 94.04035, 1190; 97.49715, 1029; 107.40199, 987; 109.07262, 1055; 109.07631, 9706; 110.02728, 15450; 110.06028, 15202; 110.07155, 238994; 110.09667, 1274; "
"18","18","Ingalls_Hydroxylysine ",949.7172,"163.1077 ","163.1077 ","50.00632, 1193; 55.055, 13253; 56.05021, 6258; 57.07062, 13658; 57.71255, 1171; 59.96217, 1293; 62.98248, 1988; 70.50002, 999; 71.42849, 1181; 74.02428, 15107; 77.85165, 1165; 82.01434, 71503; 82.06568, 82728; 83.06915, 1909; 83.08611, 5231; 84.08131, 11983; 89.06014, 21742; 98.99055, 1903; 99.09212, 5072; 100.02474, 238718; 100.0761, 64729; 101.09647, 7531; 102.02888, 1535; 102.33691, 1078; 105.03378, 9903; 107.0705, 7015; 118.03512, 69758; 123.04041, 35197; 124.11752, 1392; 127.08679, 2419; 128.07069, 217792; 129.07396, 12361; 129.23647, 1325; 136.94975, 10263; 140.76445, 1267; 141.0509, 11203; 142.41708, 1346; 145.09717, 36463; 146.0811, 29914; 147.73624, 1153; 148.40079, 1367; 159.34743, 1315; 162.07774, 1146; 162.92886, 1689; 163.07553, 2081; 163.09781, 24615; 163.10754, 27758; 163.12325, 4547; "
"19","19","Ingalls_Homarine ",322.20468,"138.0549 ","138.0549 ","51.62916, 1182; 56.96564, 1770; 60.03859, 1187; 70.70837, 1117; 78.03451, 1840; 78.57115, 1339; 79.77686, 1211; 80.27937, 1228; 94.06562, 37533; 95.06879, 1659; 96.04486, 51983; 96.05595, 1532; 96.13982, 1343; 97.07645, 2337; 101.73415, 1288; 110.06032, 1210; 110.07153, 1956; 122.07158, 5427; 124.0395, 36810; 137.05913, 2539; 137.06509, 20407; 137.07095, 4959; 137.08186, 1557; 137.10724, 5621; 137.24619, 1221; 138.05492, 1590107; 138.09135, 6239; 138.10249, 33633; "
"20","20","Ingalls_Histidine ",617.4954,"156.0768 ","156.0768 ","52.20908, 4457; 55.81351, 4922; 56.75607, 4566; 63.80415, 4548; 64.61549, 4833; 64.79388, 4795; 66.27413, 4512; 82.05309, 28790; 83.06089, 126832; 83.48771, 4713; 90.17362, 4392; 93.04519, 40834; 95.06078, 447752; 96.06413, 22233; 99.69707, 4718; 102.80406, 5039; 110.07151, 7687165; 110.13231, 6726; 110.17639, 5611; 111.05556, 17272; 111.06846, 61219; 111.07484, 317693; 112.08723, 11937; 115.96426, 9739; 123.20855, 4434; 129.07033, 5682; 138.06619, 8700; 156.07666, 2764363; "
"21","21","Ingalls_Guanosine ",532.93068,"284.0988 ","284.0988 ","60.04518, 2523; 61.13623, 1774; 68.1066, 1799; 70.03022, 1774; 73.02937, 1935; 85.02892, 3630; 96.17902, 1815; 103.03964, 1867; 108.07369, 1985; 115.03929, 2299; 119.9855, 1746; 120.68252, 2013; 130.8958, 1850; 131.64497, 1808; 133.04947, 9888; 135.03009, 7371; 152.05661, 2862397; 152.54413, 1700; 153.04056, 4665; 153.05354, 20322; 153.06001, 74692; 158.22202, 1779; 166.90575, 2037; 218.09932, 5270; 218.1122, 24597; 245.53917, 2341; 284.29459, 10828; "
"22","22","Ingalls_Glycerophosphocholine ",652.5498,"258.1099 ","258.1099 ","50.73698, 11770; 50.73864, 9893; 51.79348, 12058; 52.8333, 10618; 56.46099, 12773; 57.39997, 11871; 58.06598, 14134; 60.0815, 317297; 71.07366, 49453; 80.28278, 9970; 85.25938, 12907; 86.09695, 984917; 88.07708, 10894; 98.98447, 13815; 104.10732, 17136310; 104.16257, 14127; 105.10435, 48488; 105.11064, 435920; 107.56094, 12401; 107.73371, 10913; 123.18865, 12031; 124.99992, 1379734; 126.01738, 14085; 128.20789, 13519; 155.01018, 11594; 181.02567, 26840; 184.07329, 1460248; 185.07729, 20207; 199.03616, 63901; 199.55858, 13236; 217.65102, 40253; 217.66534, 142573; 240.09933, 62814; 253.12064, 10599; 258.10992, 1366736; "
"23","23","Ingalls_Glutathione Disulfide",886.6182,"613.1592 ","613.1592 ","65.11669, 1120; 67.18293, 1088; 84.04472, 1328; 84.63792, 1193; 88.98148, 1368; 89.74615, 1251; 102.95773, 1158; 123.11224, 1306; 130.04984, 11981; 131.045, 8334; 145.06047, 4773; 153.06554, 1813; 155.08154, 1542; 157.9465, 1306; 173.84885, 1210; 177.03271, 37554; 179.04837, 5072; 181.06058, 2023; 185.03827, 1617; 199.07108, 8074; 202.41533, 1387; 204.26753, 1347; 207.27951, 1200; 209.00458, 8301; 211.02019, 8004; 222.28833, 1195; 231.04309, 66516; 232.04686, 2325; 235.02036, 21525; 257.07657, 2309; 257.35471, 1434; 265.03104, 5614; 288.06467, 7757; 298.05142, 2041; 355.07364, 8077; 373.28403, 1417; "
"24","24","Ingalls_Glutathione ",709.2888,"308.091 ","308.091 ","56.01425, 1185; 58.99573, 4761; 66.05078, 1241; 66.08218, 1047; 76.02216, 133583; 76.03998, 2882; 77.02563, 1393; 84.04496, 35625; 103.25662, 1231; 116.01674, 17572; 130.04996, 29300; 141.56548, 1181; 142.0321, 7628; 143.15018, 1282; 144.0114, 21609; 146.02739, 1569; 162.02191, 101705; 163.02504, 1345; 170.02692, 9068; 179.04834, 37972; 187.05357, 5417; 192.49985, 1353; 199.05376, 1934; 213.88464, 1161; 215.04799, 6319; 217.45073, 19837; 227.04895, 1537; 233.05884, 16860; 242.41237, 1160; 245.05911, 5690; 254.62383, 1247; 291.06442, 1518; 294.71552, 1098; 302.65851, 1153; "
"25","25","Ingalls_Glutamine ",662.2704,"147.0763 ","147.0763 ","62.41418, 2254; 64.9279, 1862; 66.62306, 1515; 72.34143, 1678; 73.66552, 1592; 80.37472, 1540; 84.04494, 267876; 85.04826, 14849; 87.64964, 1590; 101.07133, 44900; 102.05527, 11981; 105.95403, 1689; 109.29679, 1521; 118.58623, 1743; 123.14588, 1920; 123.96457, 51997; 130.04993, 499248; 131.05316, 29293; 131.05721, 1600; 137.23914, 1826; 146.12877, 2880; 146.98024, 2797; 147.07629, 58942; 147.09164, 7055; 147.11267, 3338; "
"26","26","Ingalls_Glutamic acid",711.7656,"148.0604 ","148.0604 ","54.46233, 1084; 55.45683, 1226; 55.45969, 1119; 55.62826, 1080; 56.39589, 1134; 57.68172, 1310; 59.191, 1344; 68.63744, 1132; 75.38777, 1176; 84.04491, 36135; 85.04821, 1189; 102.05534, 20276; 103.05891, 1238; 105.03387, 1401; 107.62347, 1055; 121.02849, 1863; 123.96478, 1300; 130.04997, 17629; 148.03911, 5588; 148.06036, 9129; 148.08696, 16448; 148.09659, 2590; 148.11185, 5510; "
"27","27","Ingalls_Glucosylglycerol ",579.0573,"255.1075 ","255.1075 ","53.60759, 1173; 57.0342, 7155; 62.36438, 1079; 71.42479, 1013; 75.04472, 7692; 78.39108, 1170; 80.90333, 1172; 85.02893, 9050; 93.0551, 8536; 97.0292, 1395; 115.94285, 1034; 116.06283, 1176; 123.11697, 1374; 123.20533, 1393; 143.7885, 1089; 144.64383, 1190; 145.0491, 1419; 158.02704, 1447; 160.30453, 1041; 160.46709, 1064; 166.29749, 1147; 167.6404, 1117; 202.5849, 1107; 217.25162, 1125; 223.58429, 4417; 255.13559, 1662; 255.16072, 3903; "
"28","28","Ingalls_Glucosamine ",604.965,"180.0865 ","180.0865 ","56.0501, 1901; 56.96551, 13310; 59.39674, 951; 60.04511, 13047; 69.03403, 1996; 70.06572, 2235; 72.04502, 22526; 76.02213, 1716; 84.04494, 47029; 85.02896, 9556; 96.04485, 4463; 97.02878, 2663; 97.86892, 1241; 97.99184, 10900; 98.06034, 10286; 98.97574, 1821; 106.26865, 1090; 114.05513, 5826; 116.00217, 1506; 116.49911, 1155; 116.97204, 4816; 123.19057, 1384; 126.05503, 10509; 127.039, 1732; 135.72963, 1247; 138.10283, 1326; 139.99881, 1224; 144.06551, 14115; 156.25244, 1107; 162.07602, 33981; 163.08665, 1863; 163.09781, 1328; 164.08162, 2298; 171.96094, 1182; 179.06323, 4264; 179.09256, 1340; 179.11795, 1303; 180.08771, 2203; 180.1021, 1509; 180.11317, 7355; 180.14879, 1355; "
"29","29","Ingalls_Ectoine ",554.80602,"143.0813 ","143.0813 ","54.97394, 119360; 56.05032, 470488; 57.53848, 97607; 58.52062, 106060; 59.93161, 117795; 68.05019, 1043525; 71.63169, 111228; 73.07669, 646529; 84.04498, 141563; 84.81207, 115965; 91.4684, 130384; 97.07645, 35686840; 98.07976, 1763473; 101.07133, 5762591; 102.05556, 198864; 108.52682, 112196; 125.07125, 228333; 126.63649, 129073; 139.47229, 114541; 143.08147, 117073480; 143.17136, 135532; "
"30","30","Ingalls_DMSP ",572.94528,"135.0473 ","135.0473 ","55.01862, 339914; 61.01147, 79004; 63.02701, 11060578; 64.02632, 52888; 64.03036, 243104; 66.64323, 36345; 73.02905, 11915052; 73.80082, 39241; 74.03241, 441460; 82.61057, 37561; 91.0394, 52962; 101.22716, 38088; 123.18391, 50803; 133.64548, 41453; 135.04744, 19587310; "
"31","31","Ingalls_Deoxyadenosine ",207.96936,"252.109 ","252.109 ","50.2458, 930; 50.31376, 1044; 56.0829, 1038; 56.0888, 1266; 56.65541, 993; 62.9824, 1704; 74.58174, 1289; 82.81398, 1205; 84.6078, 1027; 89.65781, 1262; 89.96067, 1046; 91.62827, 1043; 94.07371, 1084; 99.0442, 1962; 117.05479, 5729; 123.19286, 1198; 136.06175, 90682; 136.18329, 1189; 137.06531, 1586; 142.55392, 1203; 158.24254, 1014; 166.91956, 1489; 186.94385, 1152; 217.8018, 12754; 217.81618, 5265; 217.82579, 1410; 218.1402, 1088; 223.97614, 1563; 237.84544, 1149; 239.37703, 1315; 241.98709, 9511; 242.99034, 5033; 251.09538, 1564; 251.18402, 1250; 251.24728, 1694; 251.99078, 2361; 252.20689, 4540; "
"32","32","Ingalls_Cystathionine ",780.3354,"223.0746 ","223.0746 ","50.71501, 1038; 52.13972, 1237; 56.05023, 23325; 60.80025, 1233; 63.39975, 1072; 69.60339, 1303; 75.63762, 1139; 81.95123, 1259; 88.02208, 103574; 88.03986, 2522; 107.00164, 1063; 107.0496, 1631; 112.97147, 1322; 112.97666, 1361; 119.36369, 1030; 122.91335, 1170; 134.02707, 375921; 135.03043, 7753; 160.04282, 1485; 169.13435, 1138; 220.37325, 9132; 222.11287, 1372; 223.07446, 15234; 223.21651, 4072; "
"33","33","Ingalls_Cys-Gly oxidized",721.8492,"355.0739 ","355.0739 ","52.53827, 1297; 55.01852, 1220; 57.59597, 1244; 71.74288, 1459; 74.00638, 1395; 76.02214, 11960; 76.03992, 9683; 77.82894, 1183; 84.0447, 2388; 85.04016, 8865; 92.01691, 19081; 97.02876, 18973; 99.0558, 5794; 103.02164, 2585; 107.99388, 14512; 112.03954, 8003; 113.03482, 9753; 121.7531, 1425; 127.05027, 1910; 129.06601, 1967; 130.04991, 85885; 131.04514, 122308; 131.99379, 11453; 132.04825, 4038; 136.06174, 7971; 143.04498, 8527; 144.01141, 2408; 145.06082, 10733; 149.03777, 1833; 159.02243, 1697; 160.00603, 6450; 162.02187, 21919; 164.99179, 1210; 177.03273, 349153; 178.0369, 9353; 179.04836, 45040; 189.01489, 2629; 201.03256, 1822; 202.0403, 1422; 209.00468, 21810; 211.02045, 24572; 217.00984, 2150; 219.06784, 4933; 223.59012, 1652; 223.60461, 4063; 234.65004, 1161; 235.02031, 114987; 236.02328, 5395; 250.09311, 17355; 267.00781, 1335; 298.05222, 3031; 302.36237, 1609; 313.93451, 1336; 323.91885, 2027; 332.91821, 2573; 339.52167, 1348; 355.07361, 6061; "
"34","34","Ingalls_Citrulline ",713.217,"176.1029 ","176.1029 ","70.06578, 334801; 70.57217, 1290; 71.06902, 9155; 80.3473, 1289; 85.0401, 2445; 86.06052, 3119; 87.0922, 5038; 92.01682, 1696; 95.93949, 1408; 96.04485, 1782; 96.50527, 1338; 97.07651, 14231; 97.77792, 1182; 98.06032, 1388; 113.0712, 499967; 114.05519, 86602; 114.06789, 1594; 114.0745, 18370; 115.05859, 5320; 115.08681, 183140; 115.77268, 1257; 116.07085, 94592; 116.09011, 9293; 117.0742, 2411; 123.14727, 1465; 128.4987, 1494; 130.09755, 8172; 131.04518, 1538; 131.0815, 2364; 133.0972, 13178; 141.06583, 22697; 142.04999, 12014; 149.02332, 7977; 159.07635, 1064201; 160.07332, 5149; 160.07973, 50794; 160.14017, 1256; 175.0869, 2671; 175.09776, 2829; 176.08171, 7019; 176.0927, 7517; 176.10303, 34793; 176.11812, 7529; 176.52669, 1344; "
"35","35","Ingalls_Carnitine ",544.473,"162.1124 ","162.1124 ","55.0551, 3124; 57.0707, 5122; 60.0815, 392491; 61.08488, 5475; 63.38804, 2434; 72.04498, 2755; 76.45657, 2446; 76.57278, 2469; 82.88243, 2346; 84.04514, 4847; 85.02897, 54536; 88.19743, 2205; 89.06013, 8597; 92.43147, 2263; 101.09662, 2663; 102.05521, 3691; 102.08791, 4062; 102.09173, 106980; 103.03935, 493886; 103.09505, 3790; 104.04269, 15746; 105.03389, 15639; 122.07227, 2762; 122.10139, 3111; 123.20743, 2896; 144.06552, 2801; 162.11238, 3672446; "
"36","36","Ingalls_Butyryl-L-carnitine ",261.513,"232.154 ","232.154 ","55.13899, 57247; 55.39946, 46790; 57.03423, 112342; 59.67062, 52939; 60.08149, 6291266; 67.05425, 46837; 71.04978, 959608; 78.56945, 49328; 79.50027, 58608; 80.79514, 62201; 85.02893, 61307112; 85.06985, 64914; 86.03231, 1197359; 89.06003, 98820; 92.24623, 61451; 112.85943, 66220; 134.89638, 54604; 144.10179, 1276012; 145.10597, 67098; 173.08078, 10836832; 174.0838, 406086; 185.65387, 58297; 222.7514, 141101; 225.46252, 55706; 229.20734, 64808; 232.15414, 14874404; "
"37","37","Ingalls_Aspartic acid",726.6408,"134.0448 ","134.0448 ","67.84397, 1116; 74.02425, 15194; 85.89748, 1068; 86.0968, 1497; 88.02184, 1416; 88.03981, 13279; 93.05746, 1081; 112.86497, 1012; 116.0707, 1173; 133.10519, 5710; 134.07126, 14890; 134.09645, 1452; 134.11739, 5840; "
"38","38","Ingalls_Argininosuccinic Acid",818.9832,"291.1297 ","291.1297 ","51.50809, 1124; 55.45571, 1187; 56.07184, 1047; 58.24632, 1188; 59.91003, 1184; 60.54796, 1107; 70.06576, 40235; 70.06787, 1341; 71.54814, 966; 72.08154, 1550; 88.03979, 14154; 92.46317, 1063; 96.12828, 1138; 112.08717, 2846; 113.07108, 1940; 115.08671, 14351; 116.0708, 63244; 117.07406, 1310; 128.96721, 1200; 131.04515, 8365; 133.09714, 18922; 134.04466, 8757; 145.74649, 1163; 158.05598, 12224; 158.09219, 13349; 159.03989, 1810; 159.07632, 21674; 175.11871, 1135; 176.06648, 33904; 178.74161, 1115; 197.34973, 1165; 204.98358, 1210; 217.03236, 1435; 217.04424, 21143; 228.09766, 10872; 241.98792, 2102; 242.24652, 1736; 246.10834, 12131; 250.98746, 1869; 273.11871, 5402; 274.10263, 1250; 290.26804, 2474; 291.12946, 39622; 291.24417, 1967; "
"39","39","Ingalls_Arginine ",1085.1858,"175.1189 ","175.1189 ","58.11269, 1410; 58.17702, 1343; 59.21175, 1396; 60.05633, 413294; 61.05337, 3151; 61.05972, 2549; 70.06577, 354694; 71.04971, 1331; 71.06913, 13275; 72.08138, 27856; 75.23579, 1214; 75.93615, 1374; 88.07614, 1968; 88.52563, 1184; 93.83012, 1427; 94.55261, 1349; 97.07655, 2250; 97.21855, 1409; 98.06044, 2739; 100.46675, 1137; 102.15043, 1295; 112.08312, 2175; 112.08717, 40486; 113.07117, 5365; 113.09055, 1875; 114.09141, 1535; 114.10292, 12193; 115.08694, 13126; 116.07081, 399699; 116.66594, 1183; 117.07425, 16161; 123.27161, 1181; 130.09752, 146421; 131.10097, 5338; 133.09669, 1440; 141.06563, 3039; 157.10835, 34778; 158.09235, 157160; 159.08911, 1372; 159.09575, 7580; 174.10271, 1351; 175.08653, 8351; 175.11885, 718706; "
"40","40","Ingalls_Aminobutyric Acid",686.6382,"104.0709 ","104.0709 ","50.6712, 1769; 50.88257, 1673; 53.50134, 1602; 55.90205, 1590; 57.03424, 6922; 58.06586, 81700; 60.08151, 11191; 62.06075, 3708; 62.92964, 2003; 67.86246, 2031; 68.05012, 27661; 69.03414, 267689; 70.03752, 10179; 85.05579, 1629; 86.06056, 466208; 87.04456, 1559741; 87.0638, 19034; 88.04792, 61006; 103.13148, 12640; 104.07095, 187578; 104.10735, 53980; "
"41","41","Ingalls_Allopurinol ",277.395,"137.0457 ","137.0457 ","53.71285, 22366; 63.84985, 27502; 63.96138, 26728; 67.22701, 24509; 94.04036, 135820; 119.03539, 291702; 123.10944, 28158; 128.78461, 25419; 136.06172, 22761408; 137.0459, 185427; 137.05878, 1168949; 137.06508, 3613126; "
"42","42","Ingalls_Adenosyl Homocysteine",587.559,"385.1286 ","385.1286 ","53.94019, 5709; 62.26403, 5203; 64.96497, 5472; 71.54882, 6527; 79.96474, 5164; 80.91705, 5734; 88.02206, 1078108; 89.02148, 6050; 89.02544, 13239; 97.02882, 199691; 99.04446, 83505; 102.03748, 7077; 102.05535, 8062; 114.01338, 5303; 133.62685, 5646; 134.02704, 6391342; 135.02563, 15598; 135.03056, 145038; 135.05342, 5565; 136.06172, 6124286; 137.0589, 57627; 137.06517, 205282; 140.50941, 6353; 148.04271, 40778; 152.27481, 6445; 152.41304, 6209; 155.19722, 5100; 160.04263, 22216; 177.08131, 6384; 186.05826, 11914; 204.06866, 22557; 214.05318, 9462; 217.38293, 18834; 217.39563, 73011; 232.06366, 34383; 250.07413, 139709; 251.07697, 6057; "
"43","43","Ingalls_Adenosine ",261.861,"268.1037 ","268.1037 ","55.01857, 72286; 57.03419, 142926; 66.76627, 14760; 69.03426, 23285; 70.2894, 17686; 73.02905, 79814; 80.98117, 13373; 85.02897, 139362; 87.04449, 29856; 92.95578, 15761; 96.83735, 16874; 97.02869, 75009; 102.45959, 18726; 103.0393, 23256; 113.18617, 18995; 115.03915, 165204; 133.04961, 187321; 135.98042, 18899; 136.06169, 28505854; 136.14539, 29541; 137.05872, 246387; 137.06505, 756593; 216.2516, 291496; 216.26472, 64328; 268.10376, 745206; "
"44","44","Ingalls_Adenine ",303.9663,"136.0617 ","136.0617 ","64.78655, 29088; 69.33386, 30357; 71.48355, 31863; 74.54071, 28819; 78.59042, 33331; 86.08186, 31559; 94.04037, 165179; 104.92379, 35703; 110.11372, 33916; 119.03546, 536038; 135.65207, 39173; 136.06177, 59349820; "
"45","45","Ingalls_Acetyl-L-carnitine ",431.9337,"204.1229 ","204.1229 ","57.03422, 85042; 60.08149, 9537460; 60.49744, 49837; 61.08484, 107044; 62.96381, 48005; 69.06499, 45787; 69.86862, 51276; 85.02893, 51819064; 86.03233, 845800; 88.77676, 56232; 131.62639, 46873; 144.10182, 2078162; 145.04947, 9605927; 146.05309, 103651; 163.79707, 51486; 181.92116, 48843; 204.12292, 20806970; "
"46","46","Ingalls_Turicine ",552.98868,"160.0968 ","160.0968 ","57.96072, 6160; 58.06587, 11109; 59.52311, 5810; 68.01099, 5931; 68.70761, 7372; 77.39168, 7981; 82.43607, 6021; 88.07622, 184796; 99.04459, 12718; 102.05517, 24265; 118.61993, 6973; 133.52731, 7604; 142.4839, 7823; 143.43089, 8065; 159.12137, 11452; 159.15723, 13544; 159.57513, 11685; 160.09677, 16052892; "
"47","47","Ingalls_Stachydrine hydrochloride",442.86684,"144.1029 ","144.1029 ","58.06586, 311274; 58.84863, 13406; 59.04428, 12310; 59.37629, 10853; 60.21706, 10428; 60.31299, 10432; 60.49538, 13900; 62.92975, 22112; 64.12289, 10431; 65.97789, 11770; 67.02538, 10906; 69.73072, 10219; 73.93042, 10714; 82.18092, 12241; 84.08133, 330259; 98.09676, 26323; 102.05532, 68061; 103.95596, 64152; 106.16534, 12176; 108.89981, 13402; 121.96627, 306043; 144.10187, 22647530; "
"48","48","Ingalls_Methyl 3-methylthiopropionate",404.24784,"158.1176 ","158.1176 ","52.1623, 1142; 58.06587, 11311; 59.06113, 1785; 72.08147, 2322; 79.16715, 1226; 91.64857, 1161; 95.04962, 6757; 98.09692, 2381; 99.05571, 1511; 102.0917, 8147; 106.14448, 1403; 108.51709, 1269; 109.93336, 1419; 117.95982, 1966; 123.11709, 1724; 123.28648, 1353; 140.10678, 1921; 141.0004, 5975; 157.09738, 1981; 157.13365, 6482; 157.16998, 48003; 158.11755, 1975901; 158.15395, 106774; 158.17326, 6919; "
"49","49","Ingalls_Guanine ",469.4676,"152.0706 ","152.0706 ","56.28386, 31069; 58.06588, 1138288; 59.06925, 53058; 59.0737, 1000778; 59.07524, 58749; 68.14656, 34000; 71.00211, 33065; 76.07632, 30240138; 76.91889, 35918; 77.07355, 111163; 77.07968, 1638879; 77.08228, 74879; 87.78575, 35846; 96.62883, 42833; 107.6188, 42619; 124.84456, 37063; 151.14409, 558044; 152.0708, 186168; "
"50","50","Ingalls_DL-Valine, D8 ",558.79026,"126.1366 ","126.1366 ","Ingalls_DL-Valine, D8; Ingalls_DL-Valine, D8; 59.06103, 1703; 60.01331, 1006; 63.72583, 993; 71.59172, 1105; 78.9558, 1111; 80.13163, 34626; 81.07059, 1300; 83.06081, 4956; 83.15524, 1036; 84.08134, 1013; 85.05151, 1310; 87.19141, 1102; 109.04019, 1173; 125.04793, 1352; 125.07098, 6561; 125.08231, 9554; 125.09026, 5250; 125.10748, 12651; 126.05505, 1620; 126.06644, 18114; 126.07784, 17611; 126.08556, 1634; 126.09115, 1447; 126.10265, 6937; 126.11078, 4815; 126.12776, 2450; "
"51","51","Ingalls_DL-Proline, D7 ",575.97672,"123.1147 ","123.1147 ","Ingalls_DL-Proline, D7; Ingalls_DL-Proline, D7; 62.59673, 1132; 64.84376, 1058; 70.28206, 1054; 76.10345, 26098; 77.10971, 248013; 78.11311, 5207; 82.01442, 17424; 82.68815, 978; 83.06097, 2227; 93.88672, 1090; 95.80832, 1136; 100.02482, 41780; 107.06081, 1446; 112.97347, 1180; 113.00041, 1270; 118.03528, 10468; 122.07153, 11331; 122.09672, 4869; 122.10851, 13673; 123.04059, 11549; 123.05545, 7129; 123.06702, 1901; 123.07452, 2141; 123.09192, 20854; 123.11476, 150663; "
"52","52","Ingalls_DL-Histidine, 15N ",696.9432,"157.0739 ","157.0739 ","Ingalls_DL-Histidine, 15N; Ingalls_DL-Histidine, 15N; 52.10355, 1033; 53.93892, 1223; 56.96547, 7020; 58.06585, 14458; 59.78656, 1122; 67.50212, 1046; 69.07027, 1129; 70.89722, 1103; 74.93157, 26283; 83.06087, 1434; 91.38943, 1210; 95.04975, 1318; 95.06078, 6064; 97.9917, 5218; 102.09159, 1722; 110.07161, 22970; 111.0686, 89762; 111.07484, 2842; 112.07217, 1561; 115.95766, 8510; 115.96423, 7113; 117.0547, 5171; 132.96603, 2459; 133.9673, 5997; 134.99878, 6225; 140.14328, 22964; 144.58928, 1191; 152.96504, 1399; 153.00993, 1263; 156.07658, 7003; 156.10162, 1471; 156.13853, 1765; 157.07376, 32975; 157.08032, 1654; 157.09695, 11201; 157.13321, 1267; 157.16988, 37016; "
"53","53","Ingalls_DL-Alanine, D3 ",678.5976,"93.07431 ","93.07431 ","Ingalls_DL-Alanine, D3; Ingalls_DL-Alanine, D3; 50.51665, 3170; 50.8366, 1733; 55.82803, 1685; 62.02455, 31783; 71.02978, 265379; 73.53247, 8263; 74.10687, 1752; 75.99561, 2903; 77.12542, 1810; 80.035, 57614; 82.01434, 8334; 82.53767, 110316; 91.54289, 8802; 93.02191, 10533; 93.07436, 2578; "
"54","54","Ingalls_Dimethylsulfonioacetate (DMS-Ac)",535.34406,"121.0323 ","121.0323 ","56.99402, 6806; 59.8224, 8057; 61.0114, 1792676; 62.01922, 1355120; 63.02703, 262024; 75.02699, 240547; 76.96912, 7608; 79.27475, 7971; 103.02159, 76586; 104.07112, 12579; 106.00857, 30460; 121.03198, 8117232; "
"55","55","Ingalls_Creatine ",686.9832,"132.0768 ","132.0768 ","50.19946, 1191; 58.06585, 4680; 60.08154, 11233; 61.17078, 1133; 65.98496, 1082; 70.0658, 22558; 73.02907, 23821; 74.06065, 1063; 84.08143, 9177; 85.02901, 1827; 86.06061, 1490; 86.09701, 2782; 87.04461, 1830; 88.07616, 15463; 90.0555, 59806; 111.50569, 1110; 114.09164, 85214; 115.09489, 1902; 132.07689, 59153; 132.10197, 923573; "
"56","56","Ingalls_Betonicine ",505.8435,"160.0968 ","160.0968 ","58.06591, 6855; 59.94262, 4578; 60.50888, 4264; 75.41516, 4021; 99.30681, 4117; 101.0714, 6953; 114.09163, 120267; 115.47546, 4259; 116.04727, 17492; 132.08081, 5132; 136.11504, 4789; 142.08629, 46818; 159.09163, 23543; 159.57582, 5613; 160.09679, 9904939; "
"57","57","Ingalls_Betaine ",485.09178,"118.0863 ","118.0863 ","55.67591, 352213; 56.0711, 353782; 58.06585, 45128140; 59.07368, 58523128; 60.3582, 394004; 60.58904, 355608; 78.6098, 403953; 78.66547, 365815; 90.45448, 524683; 91.61325, 381345; 115.689, 381925; 118.08641, 852017472; "
"58","58","Ingalls_Arsenobetaine ",474.02526,"179.0047 ","179.0047 ","53.49603, 3813; 54.05259, 4181; 60.46284, 4305; 66.07978, 4229; 67.44531, 3675; 73.03192, 3742; 73.08788, 4930; 75.28373, 4206; 80.40005, 4727; 97.00118, 5139; 99.96373, 5350; 104.9684, 25903; 114.79625, 4695; 115.0117, 5512; 116.96793, 7741; 118.98389, 46667; 119.99167, 719679; 134.00702, 5398; 135.01489, 22844; 136.99419, 148342; 137.04584, 6123; 148.95776, 4962; 154.17986, 3891; 160.98694, 8051; 160.99417, 178092; 163.98138, 16423; 178.12279, 9454; 179.00462, 8102986; "
"59","59","Ingalls_beta-Alanine ",679.0332,"90.0555 ","90.0555 ","53.40931, 1067; 58.14038, 1082; 61.47575, 1031; 61.64491, 1066; 62.36388, 939; 70.0658, 5927; 71.06924, 985; 72.0451, 2327; 72.08144, 98432; 89.0795, 2328; 90.0555, 8471; 90.09186, 72213; "
"60","60","Ingalls_Asparagine ",708.5448,"133.0609 ","133.0609 ","62.21742, 1004; 70.06577, 11681; 71.88784, 1081; 74.02426, 8858; 74.06073, 1192; 84.04485, 1095; 84.08144, 2133; 87.05578, 9409; 88.0762, 9230; 90.05546, 13287; 99.72663, 1226; 114.09158, 37292; 115.09489, 5076; 132.07681, 10758; 132.10193, 337693; 133.06084, 2328; 133.07596, 5719; 133.09949, 2490; 133.10521, 43296; "
"61","61","Ingalls_4-Hydroxyisoleucine ",522.29796,"148.0968 ","148.0968 ","51.9156, 1076; 58.06586, 75855; 59.0737, 49387; 60.08146, 10330; 67.0953, 1159; 74.59812, 1127; 84.08118, 1593; 86.09699, 18791; 100.07599, 15835; 100.26252, 1161; 102.0919, 8762; 104.07082, 4961; 118.08648, 92780; 123.96445, 9651; 130.08644, 2733; 134.61183, 1369; 137.17717, 1256; 148.09671, 1335126; "
"62","62","Ingalls_Melamine ",397.76148,"127.0729 ","127.0729 ","50.84658, 1012; 51.89047, 1344; 58.06581, 1610; 59.06116, 2181; 69.03429, 1409; 69.94067, 1298; 76.22698, 1096; 79.43436, 1153; 81.07838, 1234; 82.06573, 1752; 83.061, 9331; 85.05145, 31959; 85.07663, 5756; 87.33881, 1405; 94.15252, 1123; 96.60374, 1101; 97.07658, 1557; 109.07632, 15575; 110.07167, 6767; 110.0798, 1392; 111.05561, 12795; 123.37112, 1129; 126.06641, 10598; 126.0777, 21267; 126.0858, 1801; 126.09158, 1644; 126.10281, 11323; 126.11095, 4523; 126.98267, 1303; 127.05074, 11012; 127.06201, 15349; 127.07285, 504443; 127.08674, 63669; 127.12337, 1422; "
"63","63","Ingalls_Inosine ",453.94272,"269.0882 ","269.0882 ","51.46336, 981; 51.64354, 1076; 58.66664, 948; 64.90977, 1156; 88.16241, 1296; 100.70933, 1071; 119.5034, 1136; 121.15439, 1275; 136.06201, 1767; 137.04582, 70609; 168.43976, 1189; 202.67839, 1129; 212.09525, 5208; 217.01724, 16485; 241.98721, 2657; 265.00369, 2263; 266.75296, 1054; 269.03476, 2043; "
"64","64","Ingalls_Gonyol ",641.8344,"179.0736 ","179.0736 ","50.65943, 1148; 52.82082, 1058; 53.03935, 1079; 53.37506, 1091; 55.05501, 57943; 56.96555, 194850; 57.03268, 1598; 57.03426, 33709; 61.02914, 1491; 61.42532, 1158; 63.027, 12187; 70.63047, 1705; 71.01344, 6689; 71.0499, 12509; 73.06169, 1245; 74.45448, 1181; 75.04472, 19438; 77.54291, 1456; 77.76926, 1068; 79.53024, 1531; 87.04468, 6815; 89.02383, 11140; 96.95763, 1596; 97.00758, 1341; 97.35638, 1207; 97.99181, 106621; 99.04449, 38903; 105.04121, 1322; 107.37363, 1142; 115.01179, 2148; 116.00222, 22466; 117.05489, 265535; 118.05809, 2291; 123.44846, 1087; 134.01221, 1297; 139.01808, 13170; 141.61604, 1303; 152.70143, 1201; 157.02847, 1568; 158.0816, 1386; 163.06038, 1281; 168.73656, 1220; 178.09735, 1319; 178.12265, 2630; 178.13358, 1448; 178.15907, 2225; 179.06392, 18023; 179.0737, 31476; 179.09288, 2417; 179.11807, 5095; "
"65","65","Ingalls_Adenosyl Methionine",780.6,"399.14451 ","399.14451 ","56.0496, 181965; 56.0509, 459347; 61.0118, 265387; 63.1221, 9458; 63.3256, 11219; 69.0343, 148568; 71.4767, 12020; 74.0244, 177088; 74.0611, 426674; 75.0269, 67460; 78.8525, 10132; 81.538, 10063; 84.0448, 144373; 85.0288, 25026; 85.0301, 2204; 85.7165, 9530; 89.0425, 10990; 90.7082, 8952; 91.261, 9220; 97.0267, 4502126; 97.0316, 559195; 98.032, 136515; 102.0491, 5374; 102.0551, 3521062; 103.0214, 62269; 103.0584, 64977; 117.0374, 37854; 123.2172, 22941; 127.0213, 26019; 131.0454, 48649; 136.0636, 6101272; 137.0626, 246071; 138.1732, 8949; 145.0285, 34025; 145.0332, 287440; 150.0777, 22280; 162.0781, 14940; 163.0421, 193339; 169.3567, 10912; 177.0292, 8225; 177.0343, 61742; 189.0243, 61050; 199.8083, 4075; 199.8121, 6448; 215.6569, 13855; 215.6816, 301490; 215.7003, 19669; 215.7122, 3663; 220.9972, 15244; 223.0091, 1996; 223.0144, 16865; 232.0824, 95232; 235.0199, 22046; 241.0069, 8644; 241.0129, 9583; 250.0829, 1379478; 250.0999, 5425883; 250.1105, 2204; 251.0878, 9715; 251.0974, 392780; 254.9826, 58673; 254.9914, 4298; 264.0847, 25685; 264.0939, 26310; 296.0084, 5839; 296.0152, 7072; 298.0886, 40743; 298.101, 305507; 299.0998, 26030; 399.0245, 6264; 399.0395, 73264; 399.0523, 2595; "
"66","66","Ingalls_L-Isoleucine, 15N ",490.2,"133.0989 ","133.0989 ","Ingalls_L-Isoleucine, 15N; Ingalls_L-Isoleucine, 15N; 53.8808, 3704; 58.9957, 6591; 61.0114, 80748; 66.6791, 4534; 68.7175, 4130; 69.0698, 7812; 69.0709, 39257; 70.0657, 15797; 70.6625, 6582; 74.0607, 9561; 74.5044, 4317; 74.9906, 6955; 85.021, 21978; 86.0971, 560859; 87.0266, 185359; 87.0959, 628305; 88.0761, 15467; 88.0974, 14452; 105.0006, 7835; 105.0373, 14186; 109.949, 6910; 114.0898, 2683; 114.0921, 52261; 114.1922, 6673; 114.8795, 4596; 115.095, 15227; 116.0712, 4474; 125.5691, 2928; 125.5702, 1295; 132.1021, 488909; 132.1217, 10719; 132.1384, 15875; 133.0293, 9820; 133.0325, 121124; 133.103, 75949; 134.1173, 25990; "
"67","67","Ingalls_L-Methionine, D3 ",497.4,"153.0722 ","153.0722 ","Ingalls_L-Methionine, D3; Ingalls_L-Methionine, D3; 50.3349, 6022; 51.5944, 5677; 55.8739, 4831; 56.0496, 36047; 56.0506, 86404; 61.0454, 4248; 63.3492, 4615; 63.4978, 4639; 64.0298, 7549; 64.0305, 12696; 67.0294, 8862; 67.0302, 3461; 68.0498, 3398; 68.0504, 3775; 70.0659, 8536; 71.4624, 7413; 72.0814, 24073; 73.5935, 5443; 75.0434, 19868; 79.1305, 4414; 81.355, 5781; 83.0608, 12313; 84.0813, 15908; 85.6809, 4486; 95.0607, 12142; 97.0812, 28306; 99.0668, 4568; 100.2918, 7520; 102.0555, 37514; 105.5605, 5057; 107.0696, 5200; 107.0779, 226021; 108.0808, 9656; 109.0647, 10861; 109.0791, 33921; 110.0353, 8657; 110.0716, 16037; 110.0967, 9254; 111.0626, 21298; 111.0803, 5883; 111.092, 43893; 112.0497, 1845; 112.051, 7069; 112.0827, 40788; 113.0586, 11111; 113.1077, 30114; 118.5393, 4532; 125.0752, 20466; 126.1025, 25121; 135.0291, 5154; 135.0312, 7249; 135.0805, 8808; 136.0486, 35253; 136.052, 103709; 136.087, 43620; 137.0697, 1919; 137.0718, 8815; 152.0596, 616466; 152.0784, 64910; 152.0996, 30041; 152.1182, 184590; 152.1433, 4858; 153.0409, 46698; 153.0596, 120596; 153.0779, 184159; 153.101, 119456; 153.1145, 794789; 153.1394, 291770; 154.059, 29700; 154.08, 47735; 154.1006, 119686; 154.1182, 38871; 154.1369, 42284; 156.0785, 4952; 171.0845, 12184; 173.0847, 4821; "
"68","68","Ingalls_Adenosyl Methionine",780.6,"399.14451 ","399.14451 ","56.0496, 181965; 56.0509, 459347; 61.0118, 265387; 63.1221, 9458; 63.3256, 11219; 69.0343, 148568; 71.4767, 12020; 74.0244, 177088; 74.0611, 426674; 75.0269, 67460; 78.8525, 10132; 81.538, 10063; 84.0448, 144373; 85.0288, 25026; 85.0301, 2204; 85.7165, 9530; 89.0425, 10990; 90.7082, 8952; 91.261, 9220; 97.0267, 4502126; 97.0316, 559195; 98.032, 136515; 102.0491, 5374; 102.0551, 3521062; 103.0214, 62269; 103.0584, 64977; 117.0374, 37854; 123.2172, 22941; 127.0213, 26019; 131.0454, 48649; 136.0636, 6101272; 137.0626, 246071; 138.1732, 8949; 145.0285, 34025; 145.0332, 287440; 150.0777, 22280; 162.0781, 14940; 163.0421, 193339; 169.3567, 10912; 177.0292, 8225; 177.0343, 61742; 189.0243, 61050; 199.8083, 4075; 199.8121, 6448; 215.6569, 13855; 215.6816, 301490; 215.7003, 19669; 215.7122, 3663; 220.9972, 15244; 223.0091, 1996; 223.0144, 16865; 232.0824, 95232; 235.0199, 22046; 241.0069, 8644; 241.0129, 9583; 250.0829, 1379478; 250.0999, 5425883; 250.1105, 2204; 251.0878, 9715; 251.0974, 392780; 254.9826, 58673; 254.9914, 4298; 264.0847, 25685; 264.0939, 26310; 296.0084, 5839; 296.0152, 7072; 298.0886, 40743; 298.101, 305507; 299.0998, 26030; 399.0245, 6264; 399.0395, 73264; 399.0523, 2595; "
"69","69","Ingalls_Alanine ",678,"90.05496 ","90.05496 ","55.4152, 2300; 55.9075, 1052; 56.0498, 2657; 56.0504, 18067; 57.2293, 1134; 70.0658, 9562; 72.0451, 23025; 72.0811, 329082; 74.0058, 1026; 89.0349, 19948; 89.0765, 16922; 89.1158, 55586; 90.0375, 5987; 90.0553, 72674; 90.0895, 4126; 90.0918, 233644; 91.0548, 9786; 91.0952, 2178; 96.4403, 1042; 97.7344, 1103; "
"70","70","Ingalls_Chitobiose ",612.6,"425.17659 ","425.17659 ","59.2343, 2195; 59.3182, 3496; 59.8325, 2329; 60.0452, 2531; 61.029, 16867; 65.8263, 1166; 81.0341, 4432; 84.0282, 2573; 84.045, 307673; 85.2411, 2128; 89.4024, 2254; 96.0449, 13461; 98.0606, 31357; 104.5846, 1132; 109.0284, 5170; 126.0479, 3536; 126.0559, 1674007; 127.039, 5061; 127.0582, 42165; 132.6488, 3295; 136.0615, 6476; 138.0494, 3532; 138.0555, 594814; 139.0585, 8191; 143.6453, 3721; 144.0652, 124042; 168.0651, 196758; 168.0715, 2211; 169.0684, 4622; 186.0759, 113980; 187.0786, 3851; 204.0831, 418212; 204.0933, 65188; 205.0885, 3540; 205.0917, 3430; 215.442, 108642; 215.4601, 46776; 215.4773, 12522; 215.5057, 4154; 218.7428, 10217; 218.7509, 5171; 251.3296, 1068; 251.3328, 2286; 251.7751, 3545; 446.8084, 1373; 446.816, 2740; "
"71","71","Ingalls_Choline ",915.9,"104.10699 ","104.10699 ","51.8008, 8136; 54.7986, 9413; 55.6031, 7720; 55.6512, 6697; 56.0868, 6657; 56.3087, 11245; 57.2147, 7569; 57.7048, 7852; 58.0663, 912119; 59.0737, 183207; 60.0813, 10674967; 60.6412, 8542; 61.0848, 217040; 62.4051, 12686; 63.1431, 8525; 65.0891, 12632; 65.9418, 7043; 66.5186, 8258; 67.2323, 13199; 67.2824, 11669; 67.697, 8621; 75.6056, 6699; 77.0095, 9216; 77.0104, 3618; 77.5557, 9305; 85.6041, 11060; 86.0605, 5886; 87.5469, 10073; 87.5883, 5338; 87.6081, 11189; 87.9932, 7025; 88.9713, 6587; 89.7435, 5229; 91.0324, 11226; 91.5994, 4897; 94.1226, 11193; 103.1316, 11028; 103.7364, 13449; 103.8329, 60462; 104.0496, 2287; 104.0561, 42462; 104.0713, 70440; 104.1052, 87012256; 104.1131, 987052; 104.1637, 33908; 104.1851, 10406; 104.9517, 9350; 104.9852, 11431; 105.1059, 802215; 105.1126, 3062530; 106.5241, 13422; 107.6281, 10109; 121.7257, 6987; 123.1269, 6036; 123.1926, 18478; 123.2165, 8373; 123.8407, 9941; 124.488, 8454; 124.513, 12573; "
"72","72","Ingalls_Cys-Gly ",571.8,"179.0486 ","179.0486 ","56.9656, 34271; 58.9958, 15776; 59.0611, 2651; 60.0558, 1100; 62.7562, 1086; 69.4779, 1076; 76.0223, 165921; 76.9598, 3648; 81.7422, 2343; 85.0406, 1153; 88.022, 1125; 92.0334, 7933; 95.9833, 1036; 97.9921, 13245; 101.9487, 17820; 101.9501, 2245; 103.9644, 3730; 105.079, 3474; 105.5347, 2183; 108.9057, 2241; 115.9641, 40796; 116.0168, 45688; 116.2197, 2351; 125.9727, 1095; 128.6256, 1082; 133.9754, 2218; 136.7049, 1143; 137.0712, 1073; 138.0664, 3772; 138.103, 1100; 142.6505, 1101; 144.0092, 2420; 144.012, 22598; 155.9691, 2512; 155.9707, 1501; 162.0218, 46714; 162.1031, 1174; 169.9855, 4475; 176.4824, 1105; 178.0726, 15151; 178.1006, 26960; 178.1228, 29699; 178.1338, 10790; 179.0638, 53865; 179.0833, 11149; 179.0936, 23178; 179.1224, 27086; 179.1541, 4336; 180.1021, 2245; 180.1131, 14620; "
"73","73","Ingalls_Cystine ",786,"241.03112 ","241.03112 ","61.0409, 1082; 62.4476, 2259; 72.8576, 1103; 74.0066, 7643; 74.0244, 43201; 86.3053, 1023; 86.938, 1032; 98.2067, 2136; 110.1325, 2142; 120.0091, 9851; 120.0123, 157167; 121.0151, 3339; 122.0273, 78206; 125.1074, 9181; 151.9832, 197140; 153.9986, 4319; 164.9294, 1133; 171.1093, 2529; 171.1135, 43563; 172.9323, 1118; 177.9993, 2152; 191.4427, 2221; 194.1371, 6997; 195.0259, 5710; 200.0595, 3245; 216.3429, 15210; 216.3565, 67756; 226.994, 2154; 227.2025, 1084; 237.8931, 2244; 241.028, 5527; 241.033, 10042; 241.1556, 11367; "
"74","74","Ingalls_Cytidine ",513,"244.1143 ","244.1143 ","51.6682, 14102; 64.5802, 14720; 68.5874, 13249; 69.0453, 14429; 70.0588, 12677; 74.0594, 15512; 95.0245, 31789; 112.0477, 4544160; 112.0537, 11714693; 113.0479, 42357; 113.054, 234777; 123.1072, 16650; 123.1127, 20868; 123.2048, 19499; 130.1266, 14059; 152.235, 15052; 160.6898, 2589; 160.6925, 14063; 179.8772, 15836; 188.8062, 14903; 218.0992, 127445; 218.1123, 26681; 223.2954, 13882; 244.1557, 27219; "
"75","75","Ingalls_Cytosine ",444.6,"112.0881 ","112.0881 ","50.9182, 70365; 50.9645, 73207; 55.8265, 81306; 66.3193, 68335; 69.0455, 3362496; 70.9332, 80066; 73.7388, 71833; 89.3269, 73554; 94.0403, 991560; 95.0246, 9370328; 95.1731, 73827; 96.0277, 375941; 109.126, 70955; 111.0619, 257180; 111.9888, 46045; 111.9904, 37269; 112.0477, 46377979; 112.0534, 116283894; 112.1378, 79447; 113.0476, 1350522; 113.0547, 5662183; 113.0718, 85763; 113.1073, 110580; 121.3682, 92353; "
"76","76","Ingalls_Dimethyl Glycine",538.2,"104.07061 ","104.07061 ","50.0426, 11292; 55.5321, 3611; 56.0498, 14728; 56.0505, 31174; 57.0342, 8174; 57.4215, 4065; 58.0244, 3526; 58.066, 24087068; 58.1805, 2575; 59.0659, 729512; 59.0703, 21182; 60.0731, 3539; 60.3148, 3634; 62.9297, 2843; 62.9301, 1250; 67.2392, 11977; 71.6678, 2387; 74.9868, 13242; 75.2229, 2518; 75.5839, 11393; 76.5562, 2299; 77.2294, 13106; 77.2303, 1947; 79.7962, 2426; 81.7767, 12766; 86.0606, 150074; 89.9734, 3616; 90.3396, 14689; 93.1492, 10612; 93.1504, 2710; 102.7399, 11957; 103.1312, 11417; 104.0686, 1311505; 104.0739, 7390226; 104.1074, 85597; 105.0749, 311684; 122.9396, 12411; "
"77","77","Ingalls_Homocysteine Thiolactone",166.8,"118.0865 ","118.0865 ","53.0393, 7546; 56.0496, 32551; 56.0506, 146409; 58.066, 228154; 59.0737, 315152; 72.0815, 28820; 73.0113, 24688; 74.0969, 11570; 90.0012, 6350; 90.0376, 806859; 91.0409, 27789; 95.0489, 32449; 95.0507, 15229; 100.0217, 54506; 100.1122, 106370; 101.006, 19082; 105.0452, 18866; 117.1468, 30228; 118.0295, 1489; 118.0326, 124521; 118.0649, 223565; 118.0856, 5068308; 118.0927, 31651; 118.1235, 337909; 119.0354, 97724; 119.0651, 12134; 119.0859, 165495; 119.0926, 95254; 119.1264, 6643; "
"78","78","Ingalls_Homocystine ",754.8,"269.0105 ","269.0105 ","53.8531, 1002; 60.0913, 1034; 60.7478, 1023; 71.0861, 4202; 88.0221, 46544; 90.0377, 58794; 107.4331, 1024; 107.8524, 2321; 113.1073, 4085; 118.0324, 36877; 128.9536, 18707; 134.0268, 108418; 134.0301, 1724; 136.0429, 113348; 136.062, 3719; 152.2315, 2078; 156.1492, 2173; 156.1508, 1024; 189.1479, 1096; 198.5295, 1032; 205.1359, 2058; 214.948, 1052; 223.5868, 5754; 223.5994, 11391; 241.9881, 1145; 269.0161, 2206; 269.0339, 3646; 269.15, 1104; 270.2795, 4134; 287.0253, 6803; 287.0318, 3376; "
"79","79","Ingalls_Homoserine ",679.2,"120.0658 ","120.0658 ","56.0496, 109903; 56.0508, 211868; 57.0536, 5395; 74.0242, 53429; 74.061, 2074146; 75.064, 71083; 80.007, 1166; 84.045, 17642; 84.7999, 1066; 85.8524, 2346; 88.2403, 2181; 97.8158, 3455; 101.9435, 3594; 102.0552, 155287; 102.6287, 1013; 107.5959, 3633; 119.0862, 44166; 119.0912, 38003; 119.1265, 4023; 120.0628, 382932; 120.0794, 15365; 120.0914, 4609; 121.0494, 1636; 121.0587, 20137; 121.0766, 12863; 123.189, 2676; 123.1901, 1184; 124.5347, 4089; "
"80","80","Ingalls_Hordenine ",200.4,"166.1226 ","166.1226 ","52.8116, 108639; 55.0073, 179532; 56.3634, 171357; 58.0661, 1756474; 72.0814, 111066; 77.0395, 326200; 79.7282, 147363; 83.6983, 143597; 87.8299, 13281; 87.8312, 89350; 91.0551, 869019; 93.0691, 1092714; 93.0715, 2537614; 103.0544, 772458; 104.202, 157700; 120.0574, 401055; 120.7742, 178520; 120.9414, 323732; 120.9675, 219646; 120.995, 1187865; 121.0632, 493530635; 121.0707, 1452625; 121.1355, 1043231; 121.4086, 111782; 121.4108, 53287; 122.0662, 22998047; 122.0717, 2895723; 123.6135, 156117; 124.087, 291763; 125.0813, 103921; 142.5858, 300957; 155.3994, 164699; 165.1149, 142593; 166.0081, 120932; 166.0115, 53218; 166.1207, 150682627; 166.1316, 574546; 167.1228, 9049616; 167.1315, 223806; 174.8575, 168808; "
"81","81","Ingalls_Imidazoleacrylic Acid",489.6,"139.0501 ","139.0501 ","51.1549, 42786; 52.3034, 51365; 52.5481, 34263; 53.7716, 45669; 58.8708, 42601; 59.003, 48006; 60.1949, 29410; 61.939, 34614; 64.6038, 31862; 68.0494, 100651; 68.0508, 213843; 68.093, 69379; 69.5025, 44679; 73.1637, 34121; 74.5536, 35380; 76.7291, 25089; 76.7302, 10754; 80.9758, 52606; 82.4187, 42689; 83.1953, 52024; 83.2137, 32495; 85.9172, 38059; 92.7277, 59841; 93.0452, 3157885; 94.0486, 45295; 94.0501, 1258; 94.3423, 40846; 95.0607, 11790829; 95.2465, 32335; 96.0644, 344147; 96.3412, 35394; 97.0212, 41266; 97.0405, 1096615; 99.088, 53251; 104.1146, 44355; 104.7016, 51659; 108.5097, 6613; 108.5112, 44128; 120.9691, 30195; 120.9713, 25100; 121.0402, 55996992; 122.0408, 2546853; 124.3652, 38872; 133.5536, 33258; 135.5375, 48196; 138.1027, 79144; 138.9644, 160091; 139.0448, 49335041; 139.0542, 94442306; 139.1233, 223430; 139.1361, 152759; 140.0466, 524446; 140.0547, 6458850; 141.421, 45144; 141.6271, 52284; 141.7176, 46379; 157.8408, 32032; "
"82","82","Ingalls_Isoleucine ",490.2,"132.10191 ","132.10191 ","53.0394, 11293; 55.6024, 3400; 56.0885, 3745; 56.1922, 3810; 57.0342, 23598; 58.066, 4529; 58.9958, 31472; 61.0118, 477007; 69.0698, 15597; 69.0708, 81601; 70.0657, 18934; 73.7725, 3617; 74.9896, 4732; 74.9909, 28458; 75.0269, 38792; 77.006, 26480; 83.7134, 3492; 84.0814, 8708; 84.7844, 3382; 85.0193, 170039; 85.0303, 9778; 85.1464, 3713; 86.0972, 2056042; 87.0269, 974895; 87.1004, 124023; 88.0762, 17071; 89.0425, 9614; 90.2697, 1099; 90.2704, 2394; 91.0216, 24017; 105.0009, 52762; 105.0372, 77087; 114.0895, 2329; 114.0921, 86130; 115.0214, 11979; 131.118, 51764; 131.1622, 9136; 132.1023, 730578; 132.1381, 7969; 133.0282, 53280; 133.0335, 789094; 133.0759, 22193; 133.1052, 34374; 136.465, 4368; "
"83","83","Ingalls_Leucine ",457.8,"132.10191 ","132.10191 ","50.3236, 2248; 54.6957, 3413; 59.6805, 2263; 61.0673, 1100; 65.9359, 3303; 67.2155, 3407; 70.0657, 4892; 74.5055, 4006; 86.0972, 2456448; 86.8443, 2550; 87.0998, 159087; 88.0764, 18543; 89.5637, 2202; 94.7455, 3725; 95.5175, 3368; 96.5593, 1144; 103.1841, 4125; 114.0895, 2875; 114.0921, 104545; 118.5448, 2362; 131.1177, 67144; 132.1019, 895630; 132.1381, 6444; 133.0764, 14207; 133.1051, 40761; "
"84","84","Ingalls_Methionine ",497.4,"150.05833 ","150.05833 ","50.3274, 6607; 54.5409, 7499; 55.8678, 7125; 56.0492, 543059; 56.0508, 2420430; 57.0534, 90521; 58.2996, 6612; 58.3768, 7359; 60.5753, 7406; 61.0097, 9647; 61.0116, 738765; 69.0453, 9400; 73.8021, 7753; 74.024, 154016; 74.0603, 259250; 74.4332, 6931; 75.0269, 8873; 75.6748, 6825; 84.0456, 84310; 85.0285, 76522; 85.0302, 3372; 87.026, 305999; 89.0603, 16034; 93.0914, 7079; 101.527, 8679; 102.0555, 1509120; 103.0587, 50307; 104.0493, 54467; 104.0541, 6575304; 105.0009, 14329; 105.0372, 54726; 105.0549, 242505; 109.0764, 30533; 110.0711, 7191; 113.4587, 8774; 122.007, 7875; 132.1019, 11426; 133.0274, 324708; 133.034, 3845655; 133.0763, 10452; 133.1695, 1702; 133.1712, 4827; 134.0341, 170867; 134.0696, 3862; 134.0716, 9801; 143.5095, 1128; 143.5113, 5536; 143.8493, 3117; 143.8516, 5218; 149.0228, 41565; 149.0697, 1780; 149.0812, 95464; 149.1073, 16826; 150.0269, 11696; 150.06, 1326616; 150.081, 68363; 150.0991, 160204; 150.1131, 76886; 151.0615, 71324; 151.0861, 81867; 151.0991, 68594; 155.0095, 2988; 155.0115, 3784; "
"85","85","Ingalls_Methionine Sulfoxide",583.8,"166.0644 ","166.0644 ","54.2241, 11782; 56.0493, 773662; 56.0512, 1563974; 57.0535, 33291; 58.0659, 20560; 60.6602, 13089; 61.0112, 35759; 63.3208, 17254; 65.0062, 20708; 74.0244, 12651665; 74.0605, 251728; 75.0269, 3113833; 75.032, 19934; 76.0296, 26316; 76.0308, 35492; 83.0608, 21686; 84.0448, 79175; 84.8037, 12244; 85.0288, 13022; 99.8849, 12799; 102.0222, 32716; 102.0375, 33109; 102.0558, 2503571; 103.0396, 15473; 103.0584, 59847; 107.0488, 20977; 107.0576, 26186; 120.0476, 58686; 121.0315, 16384; 124.0872, 135744; 125.0822, 27985; 131.0168, 105454; 133.0384, 13397; 148.0427, 65431; 148.0867, 65269; 148.0905, 1568; 149.0253, 2205318; 149.0316, 32939; 149.0692, 8034; 149.0721, 17905; 150.0283, 36847; 150.0323, 32088; 165.1092, 1719; 165.1138, 75587; 166.0471, 113809; 166.0569, 2261261; 166.0972, 154553; 166.1338, 20455; 167.0572, 104956; 167.0892, 1023; 167.0932, 26677; "
"86","86","Ingalls_Methylmalonyl carnitine",580.2,"262.1283 ","262.1283 ","51.5009, 62041; 53.8247, 106424; 54.2539, 78083; 54.8937, 78052; 57.0342, 450246; 58.0661, 3705759; 58.8039, 83146; 59.0738, 10530427; 60.0807, 33877467; 61.0849, 557146; 73.029, 193102; 73.0302, 2097; 74.3812, 75562; 74.5482, 49442; 74.8928, 58828; 79.3387, 52624; 80.6573, 74990; 83.0133, 274538; 85.0276, 116412573; 85.0314, 13338650; 86.0329, 3115771; 92.4283, 86984; 99.9851, 81485; 101.0236, 1552786; 101.9943, 60268; 103.0396, 6656023; 104.0427, 85857; 104.0829, 84528; 112.8748, 50085; 114.0223, 80050; 115.5386, 57626; 119.0337, 714418; 122.9647, 84777; 123.1237, 90744; 129.7635, 61768; 140.4808, 85034; 142.8096, 6000; 142.8124, 80459; 144.1014, 19447064; 144.1102, 1825; 145.103, 751766; 159.065, 741671; 159.0704, 1151; 162.1083, 144101; 162.1144, 1766610; 170.1083, 12868; 170.1119, 42132; 185.044, 102589; 203.0463, 259763; 203.0595, 9020685; 204.0581, 455971; 217.622, 296112; 217.6357, 589198; 218.1268, 108781; 218.1398, 16074774; 218.1528, 73849; 219.1421, 885146; 220.4294, 5923; 220.4347, 80366; 220.9231, 367748; 220.9319, 6060; 236.7673, 22657; 236.7731, 68654; 262.1085, 33677; 262.1199, 38349825; 262.1393, 29554669; 263.1241, 1303803; 263.1378, 3323703; "
"87","87","Ingalls_N-methyltaurine ",363.6,"140.0376 ","140.0376 ","56.0498, 2294; 56.0504, 14393; 57.762, 4286; 58.0659, 1213253; 59.0691, 32848; 70.0091, 2455; 72.5223, 2549; 78.7833, 1048; 83.1034, 2284; 94.571, 3755; 96.9958, 199258; 98.0719, 10722; 108.9959, 3860; 115.0064, 3392; 116.9697, 1538; 116.9725, 68457; 117.9693, 2481; 117.9707, 2451; 120.5078, 2317; 121.0401, 5724; 122.0265, 243078; 122.0301, 1985; 123.0554, 4013; 127.2583, 2412; 133.467, 2359; 134.4492, 2795; 139.0488, 5362; 139.051, 10277; 139.0867, 41216; 139.0977, 14524; 139.1228, 95256; 140.0282, 4092; 140.0377, 5831228; 140.0818, 91615; 140.1071, 3404; 140.1263, 18756; 141.039, 175531; 141.066, 17167; "
"88","88","Ingalls_PQS ",129.6,"260.16451 ","260.16451 ","56.0146, 2432; 56.8973, 3575; 57.419, 3295; 69.5204, 2484; 72.4837, 2236; 130.0653, 4404; 136.9671, 3940; 143.0732, 10558; 163.0402, 3393; 171.1492, 1170; 171.151, 2437; 175.0627, 19707; 188.069, 1253; 188.0718, 5129; 197.5572, 3820; 215.3073, 3686; 219.4789, 34174; 242.0954, 4464; 242.1176, 5307; 244.0986, 23091; 245.1049, 21089; 245.1111, 7216; 257.1052, 28517; 257.1118, 8080; 258.1086, 4298; 258.1131, 3805; 259.1099, 1121; 259.12, 405559; 259.1312, 17909; 259.2555, 17641; 259.9459, 7254; 260.1238, 135066; 260.1403, 78547; 260.1609, 7484844; 260.1778, 323228; 260.3875, 3142; 260.392, 3710; 260.5669, 3344; 261.1022, 55679; 261.1179, 7475; 261.1618, 271318; 261.1743, 112050; "
"89","89","Ingalls_Sarcosine ",636,"90.0554 ","90.0554 ","53.3994, 1002; 56.0502, 1077; 64.3765, 1010; 70.0657, 4864; 72.045, 24886; 72.0815, 231950; 80.6877, 2297; 89.0353, 4097; 89.0714, 14694; 89.1159, 32138; 90.0553, 718988; 90.09, 1891; 90.0921, 178210; 91.0565, 21358; 99.2199, 1090; "
"90","90","Ingalls_trans Hydroxyl",604.2,"132.06552 ","132.06552 ","51.2973, 24693; 51.933, 19351; 52.4282, 17803; 53.3653, 27057; 56.7617, 17670; 58.7957, 27305; 59.8442, 21300; 60.5161, 17145; 60.7539, 21274; 64.9357, 36157; 66.0727, 20876; 67.2424, 24551; 67.4745, 19889; 68.0494, 796956; 68.051, 858254; 68.5399, 21746; 68.9528, 25082; 69.0533, 14061; 71.6575, 20605; 73.8372, 27947; 77.6924, 13394; 77.7196, 27409; 79.9132, 30621; 80.3074, 30161; 81.8128, 22520; 86.0609, 8754323; 86.0718, 390432; 87.0592, 1789743; 88.6675, 27137; 90.0498, 28030; 90.0553, 69972979; 91.0566, 1879796; 97.1382, 15660; 100.2856, 17259; 113.4119, 21893; 114.0618, 1929962; 115.0487, 330307; 115.052, 641799; 116.8547, 20054; 117.3676, 21392; 118.4211, 23311; 120.8169, 28700; 123.9799, 19900; 129.9259, 21611; 132.0647, 6710582; 132.077, 68615619; 132.1014, 230058; 133.0681, 198301; 133.0775, 3489389; 137.4778, 27337; 138.9969, 24107; 152.2158, 18132; 152.6209, 21220; "
"91","91","Ingalls_Valine ",545.4,"118.08626 ","118.08626 ","53.0393, 6874; 55.0549, 181911; 56.0583, 4409; 57.0581, 2032; 58.0659, 340000; 59.0737, 379363; 72.0815, 3218520; 73.0831, 151347; 74.0969, 10850; 95.0489, 42426; 95.0506, 24091; 100.1122, 93228; 105.0449, 13071; 117.1468, 25133; 118.0649, 283846; 118.0847, 7668971; 118.0911, 49697; 118.1228, 342013; 119.0684, 9320; 119.0844, 230909; 119.0918, 134111; 119.126, 13093; "
"92","92","Ingalls_Trimethylamine ",357.6,"60.0815 ","60.0815 ","58.9433, 4752; 59.0373, 18632; 59.0614, 5323980; 59.085, 21047; 60.0451, 231923; 60.061, 675718; 60.0815, 4707264; 60.106, 17287; 61.0403, 9588; 63.5423, 4646; 70.0169, 4488; 70.9678, 4420; 72.3618, 5876; 75.0916, 4357; "
"93","93","Ingalls_Trimethylamine N-oxide",395.4,"76.0763 ","76.0763 ","54.1362, 37630; 54.2733, 37142; 56.0497, 12998; 56.0505, 68297; 57.9511, 78264; 58.0426, 127064; 58.0654, 44836114; 58.0885, 103046; 58.0901, 21072; 58.1809, 49597; 59.0386, 121689; 59.0503, 44766; 59.0736, 49047537; 59.0976, 106261; 60.077, 112632; 65.4402, 63883; 75.0561, 72964; 75.1003, 157906; 75.7384, 44880; 76.0762, 35641773; 77.0797, 118466; 85.6357, 42835; 85.7933, 41540; "
